{
  "persistence": {
    "params": 0,
    "train_time_s": 0.0,
    "test_MAE": 35.205920944717384,
    "test_RMSE": 84.27204598208607,
    "test_MAPE": 639.833233340958,
    "test_sMAPE": 24.196630371221374,
    "test_CV_RMSE": 47.47057242683548,
    "test_NRMSE": 5.461572769175412,
    "test_MBE": -20.750028917464718,
    "test_R2": 0.8299459241011493
  },
  "seasonal_naive": {
    "params": 0,
    "train_time_s": 0.0,
    "test_MAE": 19.181239855424447,
    "test_RMSE": 55.82509095999571,
    "test_MAPE": 3194.0199327201567,
    "test_sMAPE": 13.314278152132356,
    "test_CV_RMSE": 31.446359142799064,
    "test_NRMSE": 3.6179588743895557,
    "test_MBE": 0.24950830076596917,
    "test_R2": 0.9253759443193627
  },
  "linear": {
    "params": 0,
    "train_time_s": 5.1,
    "test_MAE": 19.885593031080578,
    "test_RMSE": 47.858344659803564,
    "test_MAPE": 3120.2331382714187,
    "test_sMAPE": 14.92850079035498,
    "test_CV_RMSE": 26.958678763828708,
    "test_NRMSE": 3.10164336139836,
    "test_MBE": -2.447041114918974,
    "test_R2": 0.945155217851223
  },
  "lightgbm": {
    "params": 0,
    "train_time_s": 37.4,
    "test_MAE": 13.348139999889167,
    "test_RMSE": 37.14578798157747,
    "test_MAPE": 3148.448124734022,
    "test_sMAPE": 9.98210991734413,
    "test_CV_RMSE": 20.924279198183754,
    "test_NRMSE": 2.4073750882098235,
    "test_MBE": -0.31137292699060076,
    "test_R2": 0.9669600698244657
  }
}