{
  "last": 712491.5951781273,
  "lag24": 8098854.471814156,
  "lag168": 3948738.677631855,
  "roll24_mean": 367905.9789733887,
  "roll24_std": 375139.5092372894,
  "roll168_mean": 439053.2779760361,
  "roll168_std": 413279.33070898056,
  "dec_0": 94934.32289361954,
  "dec_1": 222981.5365281105,
  "dec_2": 459325.91617393494,
  "dec_3": 315933.500849247,
  "dec_4": 68586.2341632843,
  "dec_5": 78747.87527370453,
  "dec_6": 43973.395751953125,
  "dec_7": 55640.81544971466,
  "dec_8": 157552.26204538345,
  "dec_9": 127282.1522269249,
  "dec_10": 17750.82868385315,
  "dec_11": 68031.4935297966,
  "dec_12": 82734.5751338005,
  "stat_0": 332168.5261874199,
  "stat_1": 141003.75511789322,
  "stat_2": 42994.06629562378,
  "stat_3": 36591.202028274536,
  "stat_4": 51280.76069164276,
  "stat_5": 19513.26895046234,
  "stat_6": 56871.66951131821,
  "stat_7": 5426.485059738159,
  "stat_8": 19434.95629310608,
  "stat_9": 7232.771016120911,
  "stat_10": 48726.11687088013,
  "stat_11": 8008.988480567932,
  "stat_12": 13821.51363658905,
  "horizon_step": 224134.91028499603
}